KAB_KOTA,wadmkk_clean,wadmpr,jml_lk,jml_pr,jml_pnddk
,,,,,
ACEH BARAT,ACEH BARAT,Aceh,106286,104693,210979
ACEH BARAT DAYA,ACEH BARAT DAYA,Aceh,78922,77815,156737
ACEH BESAR,ACEH BESAR,Aceh,224896,223712,448608
ACEH JAYA,ACEH JAYA,Aceh,51553,50262,101815
ACEH SELATAN,ACEH SELATAN,Aceh,120527,120086,240613
ACEH SINGKIL,ACEH SINGKIL,Aceh,71292,70143,141435
ACEH TAMIANG,ACEH TAMIANG,Aceh,158233,155012,313245
ACEH TENGAH,ACEH TENGAH,Aceh,118481,116229,234710
ACEH TENGGARA,ACEH TENGGARA,Aceh,118992,118221,237213
ACEH TIMUR,ACEH TIMUR,Aceh,234745,231480,466225
ACEH UTARA,ACEH UTARA,Aceh,322625,324994,647619
AGAM,AGAM,Sumatera Barat,267078,266454,533532
ALOR,ALOR,Nusa Tenggara Timur,114349,117334,231683
ASAHAN,ASAHAN,Sumatera Utara,405043,397214,802257
ASMAT,ASMAT,Papua Selatan,65283,60305,125588
BADUNG,BADUNG,Bali,268456,271245,539701
BALANGAN,BALANGAN,Kalimantan Selatan,70953,68883,139836
BANDUNG,BANDUNG,Jawa Barat,1970972,1902681,3873653
BANDUNG BARAT,BANDUNG BARAT,Jawa Barat,983426,947024,1930450
BANGGAI,BANGGAI,Sulawesi Tengah,192724,187038,379762
BANGGAI KEPULAUAN,BANGGAI KEPULAUAN,Sulawesi Tengah,66483,64526,131009
BANGGAI LAUT,BANGGAI LAUT,Sulawesi Tengah,39489,38748,78237
BANGKA,BANGKA,Kepulauan Bangka Belitung,174400,165386,339786
BANGKA BARAT,BANGKA BARAT,Kepulauan Bangka Belitung,113074,105953,219027
BANGKA SELATAN,BANGKA SELATAN,Kepulauan Bangka Belitung,112505,105408,217913
BANGKA TENGAH,BANGKA TENGAH,Kepulauan Bangka Belitung,109675,102314,211989
BANGKALAN,BANGKALAN,Jawa Timur,521766,537916,1059682
BANGLI,BANGLI,Bali,132131,128910,261041
BANJAR,BANJAR,Kalimantan Selatan,300735,294982,595717
BANJARNEGARA,BANJARNEGARA,Jawa Tengah,547532,528338,1075870
BANTAENG,BANTAENG,Sulawesi Selatan,108584,110663,219247
BANTUL,BANTUL,Daerah Istimewa Yogyakarta,489339,492988,982327
BANYUASIN,BANYUASIN,Sumatera Selatan,458253,437939,896192
BANYUMAS,BANYUMAS,Jawa Tengah,944955,929259,1874214
BANYUWANGI,BANYUWANGI,Jawa Timur,900232,904519,1804751
BARITO KUALA,BARITO KUALA,Kalimantan Selatan,168234,163944,332178
BARITO SELATAN,BARITO SELATAN,Kalimantan Tengah,70817,67468,138285
BARITO TIMUR,BARITO TIMUR,Kalimantan Tengah,60899,58000,118899
BARITO UTARA,BARITO UTARA,Kalimantan Tengah,83133,77020,160153
BARRU,BARRU,Sulawesi Selatan,96423,99835,196258
BATANG,BATANG,Jawa Tengah,434333,427256,861589
BATANGHARI,BATANGHARI,Jambi,158399,150757,309156
BATU BARA,BATU BARA,Sumatera Utara,242302,237365,479667
BEKASI,BEKASI,Jawa Barat,1734914,1699854,3434768
BELITUNG,BELITUNG,Kepulauan Bangka Belitung,98398,94947,193345
BELITUNG TIMUR,BELITUNG TIMUR,Kepulauan Bangka Belitung,68367,64686,133053
BELU,BELU,Nusa Tenggara Timur,116470,117267,233737
BENER MERIAH,BENER MERIAH,Aceh,92611,90432,183043
BENGKALIS,BENGKALIS,Riau,351350,335453,686803
BENGKAYANG,BENGKAYANG,Kalimantan Barat,154359,142881,297240
BENGKULU SELATAN,BENGKULU SELATAN,Bengkulu,90316,87437,177753
BENGKULU TENGAH,BENGKULU TENGAH,Bengkulu,65288,62381,127669
BENGKULU UTARA,BENGKULU UTARA,Bengkulu,159310,152626,311936
BERAU,BERAU,Kalimantan Timur,161261,142179,303440
BIAK NUMFOR,BIAK NUMFOR,Papua,76712,74587,151299
BIMA,BIMA,Nusa Tenggara Barat,273256,272315,545571
BINTAN,BINTAN,Kepulauan Riau,93605,88750,182355
BIREUEN,BIREUEN,Aceh,233030,240012,473042
BLITAR,BLITAR,Jawa Timur,635621,630004,1265625
BLORA,BLORA,Jawa Tengah,465607,464842,930449
BOALEMO,BOALEMO,Gorontalo,78223,75300,153523
BOGOR,BOGOR,Jawa Barat,3007107,2868723,5875830
BOJONEGORO,BOJONEGORO,Jawa Timur,687186,680794,1367980
BOLAANG MONGONDOW,BOLAANG MONGONDOW,Sulawesi Utara,134496,124065,258561
BOLAANG MONGONDOW SELATAN,BOLAANG MONGONDOW SELATAN,Sulawesi Utara,39598,36857,76455
BOLAANG MONGONDOW TIMUR,BOLAANG MONGONDOW TIMUR,Sulawesi Utara,47941,43935,91876
BOLAANG MONGONDOW UTARA,BOLAANG MONGONDOW UTARA,Sulawesi Utara,45507,43153,88660
BOMBANA,BOMBANA,Sulawesi Tenggara,85232,83840,169072
BONDOWOSO,BONDOWOSO,Jawa Timur,387984,405390,793374
BONE,BONE,Sulawesi Selatan,407165,426320,833485
BONE BOLANGO,BONE BOLANGO,Gorontalo,88333,87091,175424
BOVEN DIGOEL,BOVEN DIGOEL,Papua Selatan,38792,34420,73212
BOYOLALI,BOYOLALI,Jawa Tengah,558436,558698,1117134
BREBES,BREBES,Jawa Tengah,1058482,1025866,2084348
BULELENG,BULELENG,Bali,419153,411720,830873
BULUKUMBA,BULUKUMBA,Sulawesi Selatan,237023,247177,484200
BULUNGAN,BULUNGAN,Kalimantan Utara,90612,81108,171720
BUNGO,BUNGO,Jambi,195236,188576,383812
BUOL,BUOL,Sulawesi Tengah,83974,79797,163771
BURU,BURU,Maluku,72409,70953,143362
BURU SELATAN,BURU SELATAN,Maluku,41211,40795,82006
BUTON,BUTON,Sulawesi Tenggara,61028,61395,122423
BUTON SELATAN,BUTON SELATAN,Sulawesi Tenggara,51042,52389,103431
BUTON TENGAH,BUTON TENGAH,Sulawesi Tenggara,60211,62576,122787
BUTON UTARA,BUTON UTARA,Sulawesi Tenggara,38242,36820,75062
CIAMIS,CIAMIS,Jawa Barat,657620,651871,1309491
CIANJUR,CIANJUR,Jawa Barat,1367401,1307417,2674818
CILACAP,CILACAP,Jawa Tengah,1046013,1020309,2066322
CIREBON,CIREBON,Jawa Barat,1273526,1236197,2509723
DAIRI,DAIRI,Sumatera Utara,167118,168128,335246
DEIYAI,DEIYAI,Papua Tengah,49146,44022,93168
DELI SERDANG,DELI SERDANG,Sumatera Utara,1056111,1048668,2104779
DEMAK,DEMAK,Jawa Tengah,637072,622610,1259682
DHARMASRAYA,DHARMASRAYA,Sumatera Barat,123899,120133,244032
DOGIYAI,DOGIYAI,Papua Tengah,61066,56063,117129
DOMPU,DOMPU,Nusa Tenggara Barat,140257,139627,279884
DONGGALA,DONGGALA,Sulawesi Tengah,164954,156057,321011
EMPAT LAWANG,EMPAT LAWANG,Sumatera Selatan,174316,163262,337578
ENDE,ENDE,Nusa Tenggara Timur,139246,146506,285752
ENREKANG,ENREKANG,Sulawesi Selatan,119510,115701,235211
FAKFAK,FAKFAK,Papua Barat,48520,46375,94895
FLORES TIMUR,FLORES TIMUR,Nusa Tenggara Timur,143068,148081,291149
GARUT,GARUT,Jawa Barat,1475134,1408657,2883791
GAYO LUES,GAYO LUES,Aceh,54595,53834,108429
GIANYAR,GIANYAR,Bali,253621,252654,506275
GORONTALO,GORONTALO,Gorontalo,214579,211561,426140
GORONTALO UTARA,GORONTALO UTARA,Gorontalo,67556,64997,132553
GOWA,GOWA,Sulawesi Selatan,414363,421888,836251
GRESIK,GRESIK,Jawa Timur,671942,664752,1336694
GROBOGAN,GROBOGAN,Jawa Tengah,766393,757128,1523521
GUNUNG MAS,GUNUNG MAS,Kalimantan Tengah,71208,64476,135684
GUNUNGKIDUL,GUNUNGKIDUL,Daerah Istimewa Yogyakarta,385797,393253,779050
HALMAHERA BARAT,HALMAHERA BARAT,Maluku Utara,71892,68252,140144
HALMAHERA SELATAN,HALMAHERA SELATAN,Maluku Utara,134700,125749,260449
HALMAHERA TENGAH,HALMAHERA TENGAH,Maluku Utara,69365,39614,108979
HALMAHERA TIMUR,HALMAHERA TIMUR,Maluku Utara,52385,49004,101389
HALMAHERA UTARA,HALMAHERA UTARA,Maluku Utara,106416,101207,207623
HULU SUNGAI SELATAN,HULU SUNGAI SELATAN,Kalimantan Selatan,120802,119107,239909
HULU SUNGAI TENGAH,HULU SUNGAI TENGAH,Kalimantan Selatan,137179,134961,272140
HULU SUNGAI UTARA,HULU SUNGAI UTARA,Kalimantan Selatan,119504,118931,238435
HUMBANG HASUNDUTAN,HUMBANG HASUNDUTAN,Sumatera Utara,105507,106185,211692
INDRAGIRI HILIR,INDRAGIRI HILIR,Riau,371573,349444,721017
INDRAGIRI HULU,INDRAGIRI HULU,Riau,251498,239363,490861
INDRAMAYU,INDRAMAYU,Jawa Barat,1006502,991970,1998472
INTAN JAYA,INTAN JAYA,Papua Tengah,72017,66092,138109
JAKARTA BARAT,JAKARTA BARAT,DKI Jakarta,1283287,1269901,2553188
JAKARTA PUSAT,JAKARTA PUSAT,DKI Jakarta,526834,523026,1049860
JAKARTA SELATAN,JAKARTA SELATAN,DKI Jakarta,1159371,1164273,2323644
JAKARTA TIMUR,JAKARTA TIMUR,DKI Jakarta,1616429,1608090,3224519
JAKARTA UTARA,JAKARTA UTARA,DKI Jakarta,919938,908868,1828806
JAYAPURA,JAYAPURA,Papua,105738,98895,204633
JAYAWIJAYA,JAYAWIJAYA,Papua Pegunungan,143323,133781,277104
JEMBER,JEMBER,Jawa Timur,1311702,1313727,2625429
JEMBRANA,JEMBRANA,Bali,166125,164748,330873
JENEPONTO,JENEPONTO,Sulawesi Selatan,209038,214548,423586
JEPARA,JEPARA,Jawa Tengah,649404,641616,1291020
JOMBANG,JOMBANG,Jawa Timur,695340,685623,1380963
KAIMANA,KAIMANA,Papua Barat,33641,31968,65609
KAMPAR,KAMPAR,Riau,464298,445147,909445
KAPUAS,KAPUAS,Kalimantan Tengah,216499,202764,419263
KAPUAS HULU,KAPUAS HULU,Kalimantan Barat,143106,135322,278428
KARANGANYAR,KARANGANYAR,Jawa Tengah,475781,478971,954752
KARANGASEM,KARANGASEM,Bali,272620,267009,539629
KARAWANG,KARAWANG,Jawa Barat,1334934,1304660,2639594
KARIMUN,KARIMUN,Kepulauan Riau,140655,134728,275383
KARO,KARO,Sumatera Utara,209773,216285,426058
KATINGAN,KATINGAN,Kalimantan Tengah,95263,88289,183552
KAUR,KAUR,Bengkulu,70450,66614,137064
KAYONG UTARA,KAYONG UTARA,Kalimantan Barat,65572,61989,127561
KEBUMEN,KEBUMEN,Jawa Tengah,736258,715490,1451748
KEDIRI,KEDIRI,Jawa Timur,854084,839340,1693424
KEEROM,KEEROM,Papua,39543,35564,75107
KENDAL,KENDAL,Jawa Tengah,551564,544637,1096201
KEP. SIAU TAGULANDANG BIARO,KEP. SIAU TAGULANDANG BIARO,Sulawesi Utara,35230,34770,70000
KEPAHIANG,KEPAHIANG,Bengkulu,78727,73879,152606
KEPULAUAN ANAMBAS,KEPULAUAN ANAMBAS,Kepulauan Riau,26246,24799,51045
KEPULAUAN ARU,KEPULAUAN ARU,Maluku,58391,55338,113729
KEPULAUAN MENTAWAI,KEPULAUAN MENTAWAI,Sumatera Barat,51241,47384,98625
KEPULAUAN MERANTI,KEPULAUAN MERANTI,Riau,109307,102982,212289
KEPULAUAN SANGIHE,KEPULAUAN SANGIHE,Sulawesi Utara,69264,66761,136025
KEPULAUAN SELAYAR,KEPULAUAN SELAYAR,Sulawesi Selatan,70506,72769,143275
KEPULAUAN SERIBU,KEPULAUAN SERIBU,DKI Jakarta,15431,15066,30497
KEPULAUAN SULA,KEPULAUAN SULA,Maluku Utara,50777,50591,101368
KEPULAUAN TALAUD,KEPULAUAN TALAUD,Sulawesi Utara,51950,48932,100882
KEPULAUAN YAPEN,KEPULAUAN YAPEN,Papua,59881,57015,116896
KERINCI,KERINCI,Jambi,135832,134714,270546
KETAPANG,KETAPANG,Kalimantan Barat,303028,281659,584687
KLATEN,KLATEN,Jawa Tengah,648166,655530,1303696
KLUNGKUNG,KLUNGKUNG,Bali,112339,112115,224454
KOLAKA,KOLAKA,Sulawesi Tenggara,135475,127954,263429
KOLAKA TIMUR,KOLAKA TIMUR,Sulawesi Tenggara,67390,63461,130851
KOLAKA UTARA,KOLAKA UTARA,Sulawesi Tenggara,73987,70513,144500
KONAWE,KONAWE,Sulawesi Tenggara,139830,130999,270829
KONAWE KEPULAUAN,KONAWE KEPULAUAN,Sulawesi Tenggara,22471,21952,44423
KONAWE SELATAN,KONAWE SELATAN,Sulawesi Tenggara,172006,163338,335344
KONAWE UTARA,KONAWE UTARA,Sulawesi Tenggara,43288,40937,84225
KOTA AMBON,KOTA AMBON,Maluku,178437,182482,360919
KOTA BALIKPAPAN,KOTA BALIKPAPAN,Kalimantan Timur,389622,372973,762595
KOTA BANDA ACEH,KOTA BANDA ACEH,Aceh,133429,134307,267736
KOTA BANDAR LAMPUNG,KOTA BANDAR LAMPUNG,Lampung,545860,536070,1081930
KOTA BANDUNG,KOTA BANDUNG,Jawa Barat,1301970,1297773,2599743
KOTA BANJAR,KOTA BANJAR,Jawa Barat,105857,104068,209925
KOTA BANJARBARU,KOTA BANJARBARU,Kalimantan Selatan,145131,144220,289351
KOTA BANJARMASIN,KOTA BANJARMASIN,Kalimantan Selatan,341375,340985,682360
KOTA BATAM,KOTA BATAM,Kepulauan Riau,691754,673512,1365266
KOTA BATU,KOTA BATU,Jawa Timur,113590,112733,226323
KOTA BAU BAU,KOTA BAU BAU,Sulawesi Tenggara,81474,83216,164690
KOTA BEKASI,KOTA BEKASI,Jawa Barat,1291104,1294395,2585499
KOTA BENGKULU,KOTA BENGKULU,Bengkulu,203068,200803,403871
KOTA BIMA,KOTA BIMA,Nusa Tenggara Barat,82793,83321,166114
KOTA BINJAI,KOTA BINJAI,Sumatera Utara,158642,159623,318265
KOTA BITUNG,KOTA BITUNG,Sulawesi Utara,110248,106455,216703
KOTA BLITAR,KOTA BLITAR,Jawa Timur,80568,81150,161718
KOTA BOGOR,KOTA BOGOR,Jawa Barat,581834,568887,1150721
KOTA BONTANG,KOTA BONTANG,Kalimantan Timur,99754,93515,193269
KOTA BUKITTINGGI,KOTA BUKITTINGGI,Sumatera Barat,71549,71072,142621
KOTA CILEGON,KOTA CILEGON,Banten,244302,238713,483015
KOTA CIMAHI,KOTA CIMAHI,Jawa Barat,293562,290660,584222
KOTA CIREBON,KOTA CIREBON,Jawa Barat,179703,178562,358265
KOTA DENPASAR,KOTA DENPASAR,Bali,336790,339593,676383
KOTA DEPOK,KOTA DEPOK,Jawa Barat,1014670,1009994,2024664
KOTA DUMAI,KOTA DUMAI,Riau,184124,174241,358365
KOTA GORONTALO,KOTA GORONTALO,Gorontalo,101844,102961,204805
KOTA GUNUNGSITOLI,KOTA GUNUNGSITOLI,Sumatera Utara,67328,71306,138634
KOTA JAMBI,KOTA JAMBI,Jambi,328455,325739,654194
KOTA JAYAPURA,KOTA JAYAPURA,Papua,214035,191031,405066
KOTA KEDIRI,KOTA KEDIRI,Jawa Timur,149851,151964,301815
KOTA KENDARI,KOTA KENDARI,Sulawesi Tenggara,186782,184604,371386
KOTA KOTAMOBAGU,KOTA KOTAMOBAGU,Sulawesi Utara,62396,59360,121756
KOTA KUPANG,KOTA KUPANG,Nusa Tenggara Timur,203854,202095,405949
KOTA LANGSA,KOTA LANGSA,Aceh,92153,91863,184016
KOTA LHOKSEUMAWE,KOTA LHOKSEUMAWE,Aceh,99106,100465,199571
KOTA LUBUKLINGGAU,KOTA LUBUKLINGGAU,Sumatera Selatan,125820,123753,249573
KOTA MADIUN,KOTA MADIUN,Jawa Timur,99222,102892,202114
KOTA MAGELANG,KOTA MAGELANG,Jawa Tengah,63746,65169,128915
KOTA MAKASSAR,KOTA MAKASSAR,Sulawesi Selatan,737239,747838,1485077
KOTA MALANG,KOTA MALANG,Jawa Timur,443302,448557,891859
KOTA MANADO,KOTA MANADO,Sulawesi Utara,232074,229596,461670
KOTA MATARAM,KOTA MATARAM,Nusa Tenggara Barat,231228,233338,464566
KOTA MEDAN,KOTA MEDAN,Sumatera Utara,1264630,1286376,2551006
KOTA METRO,KOTA METRO,Lampung,92415,91331,183746
KOTA MOJOKERTO,KOTA MOJOKERTO,Jawa Timur,70699,71714,142413
KOTA PADANG,KOTA PADANG,Sumatera Barat,476463,478102,954565
KOTA PADANG PANJANG,KOTA PADANG PANJANG,Sumatera Barat,32319,31840,64159
KOTA PADANG SIDIMPUAN,KOTA PADANG SIDIMPUAN,Sumatera Utara,116280,116919,233199
KOTA PAGAR ALAM,KOTA PAGAR ALAM,Sumatera Selatan,78745,75239,153984
KOTA PALANGKARAYA,KOTA PALANGKARAYA,Kalimantan Tengah,161314,156933,318247
KOTA PALEMBANG,KOTA PALEMBANG,Sumatera Selatan,908115,906601,1814716
KOTA PALOPO,KOTA PALOPO,Sulawesi Selatan,92407,92037,184444
KOTA PALU,KOTA PALU,Sulawesi Tengah,200490,199565,400055
KOTA PANGKALPINANG,KOTA PANGKALPINANG,Kepulauan Bangka Belitung,123771,120970,244741
KOTA PARE PARE,KOTA PARE PARE,Sulawesi Selatan,81671,82435,164106
KOTA PARIAMAN,KOTA PARIAMAN,Sumatera Barat,52779,51612,104391
KOTA PASURUAN,KOTA PASURUAN,Jawa Timur,107013,106825,213838
KOTA PAYAKUMBUH,KOTA PAYAKUMBUH,Sumatera Barat,75491,74337,149828
KOTA PEKALONGAN,KOTA PEKALONGAN,Jawa Tengah,160140,156136,316276
KOTA PEKANBARU,KOTA PEKANBARU,Riau,591885,585866,1177751
KOTA PEMATANGSIANTAR,KOTA PEMATANGSIANTAR,Sumatera Utara,138240,142423,280663
KOTA PONTIANAK,KOTA PONTIANAK,Kalimantan Barat,344795,345482,690277
KOTA PRABUMULIH,KOTA PRABUMULIH,Sumatera Selatan,108178,106643,214821
KOTA PROBOLINGGO,KOTA PROBOLINGGO,Jawa Timur,121384,123024,244408
KOTA SABANG,KOTA SABANG,Aceh,21577,21412,42989
KOTA SALATIGA,KOTA SALATIGA,Jawa Tengah,98761,100589,199350
KOTA SAMARINDA,KOTA SAMARINDA,Kalimantan Timur,451572,436612,888184
KOTA SAWAHLUNTO,KOTA SAWAHLUNTO,Sumatera Barat,34536,34160,68696
KOTA SEMARANG,KOTA SEMARANG,Jawa Tengah,840971,859687,1700658
KOTA SERANG,KOTA SERANG,Banten,391253,377124,768377
KOTA SIBOLGA,KOTA SIBOLGA,Sumatera Utara,50642,49882,100524
KOTA SINGKAWANG,KOTA SINGKAWANG,Kalimantan Barat,128764,123305,252069
KOTA SOLOK,KOTA SOLOK,Sumatera Barat,43323,42873,86196
KOTA SORONG,KOTA SORONG,Papua Barat Daya,150743,136509,287252
KOTA SUBULUSSALAM,KOTA SUBULUSSALAM,Aceh,55109,53442,108551
KOTA SUKABUMI,KOTA SUKABUMI,Jawa Barat,187646,185543,373189
KOTA SUNGAI PENUH,KOTA SUNGAI PENUH,Jambi,51485,50998,102483
KOTA SURABAYA,KOTA SURABAYA,Jawa Timur,1489658,1519102,3008760
KOTA SURAKARTA,KOTA SURAKARTA,Jawa Tengah,290507,298978,589485
KOTA TANGERANG,KOTA TANGERANG,Banten,988876,980072,1968948
KOTA TANGERANG SELATAN,KOTA TANGERANG SELATAN,Banten,733953,740358,1474311
KOTA TANJUNG BALAI,KOTA TANJUNG BALAI,Sumatera Utara,96109,93371,189480
KOTA TANJUNGPINANG,KOTA TANJUNGPINANG,Kepulauan Riau,120790,119272,240062
KOTA TARAKAN,KOTA TARAKAN,Kalimantan Utara,133140,124189,257329
KOTA TASIKMALAYA,KOTA TASIKMALAYA,Jawa Barat,393035,380657,773692
KOTA TEBING TINGGI,KOTA TEBING TINGGI,Sumatera Utara,92117,92776,184893
KOTA TEGAL,KOTA TEGAL,Jawa Tengah,149257,146593,295850
KOTA TERNATE,KOTA TERNATE,Maluku Utara,111022,102029,213051
KOTA TIDORE KEPULAUAN,KOTA TIDORE KEPULAUAN,Maluku Utara,62974,59492,122466
KOTA TOMOHON,KOTA TOMOHON,Sulawesi Utara,52585,51436,104021
KOTA TUAL,KOTA TUAL,Maluku,44920,45904,90824
KOTA YOGYAKARTA,KOTA YOGYAKARTA,Daerah Istimewa Yogyakarta,202567,213204,415771
KOTABARU,KOTABARU,Kalimantan Selatan,172553,161944,334497
KOTAWARINGIN BARAT,KOTAWARINGIN BARAT,Kalimantan Tengah,152593,144647,297240
KOTAWARINGIN TIMUR,KOTAWARINGIN TIMUR,Kalimantan Tengah,237930,222134,460064
KUANTAN SINGINGI,KUANTAN SINGINGI,Riau,187878,181840,369718
KUBU RAYA,KUBU RAYA,Kalimantan Barat,334272,320649,654921
KUDUS,KUDUS,Jawa Tengah,440029,440829,880858
KULON PROGO,KULON PROGO,Daerah Istimewa Yogyakarta,220681,224586,445267
KUNINGAN,KUNINGAN,Jawa Barat,633561,614260,1247821
KUPANG,KUPANG,Nusa Tenggara Timur,199013,194102,393115
KUTAI BARAT,KUTAI BARAT,Kalimantan Timur,98861,89302,188163
KUTAI KARTANEGARA,KUTAI KARTANEGARA,Kalimantan Timur,424338,389588,813926
KUTAI TIMUR,KUTAI TIMUR,Kalimantan Timur,244125,212208,456333
LABUHANBATU,LABUHANBATU,Sumatera Utara,260626,254426,515052
LABUHANBATU SELATAN,LABUHANBATU SELATAN,Sumatera Utara,170631,163832,334463
LABUHANBATU UTARA,LABUHANBATU UTARA,Sumatera Utara,202894,198320,401214
LAHAT,LAHAT,Sumatera Selatan,230016,219935,449951
LAMANDAU,LAMANDAU,Kalimantan Tengah,61164,54573,115737
LAMONGAN,LAMONGAN,Jawa Timur,685625,684693,1370318
LAMPUNG BARAT,LAMPUNG BARAT,Lampung,163452,151741,315193
LAMPUNG SELATAN,LAMPUNG SELATAN,Lampung,578202,559127,1137329
LAMPUNG TENGAH,LAMPUNG TENGAH,Lampung,717831,690972,1408803
LAMPUNG TIMUR,LAMPUNG TIMUR,Lampung,575383,556958,1132341
LAMPUNG UTARA,LAMPUNG UTARA,Lampung,346463,334945,681408
LANDAK,LANDAK,Kalimantan Barat,219719,197588,417307
LANGKAT,LANGKAT,Sumatera Utara,568014,560394,1128408
LANNY JAYA,LANNY JAYA,Papua Pegunungan,111234,93294,204528
LEBAK,LEBAK,Banten,796912,754614,1551526
LEBONG,LEBONG,Bengkulu,59478,56691,116169
LEMBATA,LEMBATA,Nusa Tenggara Timur,73797,77774,151571
LIMA PULUH KOTA,LIMA PULUH KOTA,Sumatera Barat,201853,202571,404424
LINGGA,LINGGA,Kepulauan Riau,52204,49105,101309
LOMBOK BARAT,LOMBOK BARAT,Nusa Tenggara Barat,385596,386262,771858
LOMBOK TENGAH,LOMBOK TENGAH,Nusa Tenggara Barat,567487,574686,1142173
LOMBOK TIMUR,LOMBOK TIMUR,Nusa Tenggara Barat,718545,731375,1449920
LOMBOK UTARA,LOMBOK UTARA,Nusa Tenggara Barat,136447,135611,272058
LUMAJANG,LUMAJANG,Jawa Timur,556515,565210,1121725
LUWU,LUWU,Sulawesi Selatan,195899,192462,388361
LUWU TIMUR,LUWU TIMUR,Sulawesi Selatan,168685,157906,326591
LUWU UTARA,LUWU UTARA,Sulawesi Selatan,169827,166533,336360
MADIUN,MADIUN,Jawa Timur,365331,372909,738240
MAGELANG,MAGELANG,Jawa Tengah,680431,670645,1351076
MAGETAN,MAGETAN,Jawa Timur,341088,353569,694657
MAHAKAM ULU,MAHAKAM ULU,Kalimantan Timur,21328,18634,39962
MAJALENGKA,MAJALENGKA,Jawa Barat,691674,682643,1374317
MAJENE,MAJENE,Sulawesi Barat,95914,95712,191626
MALAKA,MALAKA,Nusa Tenggara Timur,105439,107450,212889
MALANG,MALANG,Jawa Timur,1388755,1370348,2759103
MALINAU,MALINAU,Kalimantan Utara,46413,41738,88151
MALUKU BARAT DAYA,MALUKU BARAT DAYA,Maluku,49905,48162,98067
MALUKU TENGAH,MALUKU TENGAH,Maluku,215606,217618,433224
MALUKU TENGGARA,MALUKU TENGGARA,Maluku,64274,65482,129756
MALUKU TENGGARA BARAT,MALUKU TENGGARA BARAT,Maluku,66853,66582,133435
MAMASA,MAMASA,Sulawesi Barat,86716,81471,168187
MAMBERAMO RAYA,MAMBERAMO RAYA,Papua,21522,19886,41408
MAMBERAMO TENGAH,MAMBERAMO TENGAH,Papua Pegunungan,26617,24066,50683
MAMUJU,MAMUJU,Sulawesi Barat,148677,141549,290226
MAMUJU TENGAH,MAMUJU TENGAH,Sulawesi Barat,74931,70952,145883
MAMUJU UTARA,MAMUJU UTARA,Sulawesi Barat,94720,89651,184371
MANDAILING NATAL,MANDAILING NATAL,Sumatera Utara,252454,252502,504956
MANGGARAI,MANGGARAI,Nusa Tenggara Timur,177980,178157,356137
MANGGARAI BARAT,MANGGARAI BARAT,Nusa Tenggara Timur,148182,146441,294623
MANGGARAI TIMUR,MANGGARAI TIMUR,Nusa Tenggara Timur,157110,152611,309721
MANOKWARI,MANOKWARI,Papua Barat,106592,99819,206411
MANOKWARI SELATAN,MANOKWARI SELATAN,Papua Barat,19958,19231,39189
MAPPI,MAPPI,Papua Selatan,59963,56136,116099
MAROS,MAROS,Sulawesi Selatan,209701,210732,420433
MAYBRAT,MAYBRAT,Papua Barat Daya,23481,23323,46804
MELAWI,MELAWI,Kalimantan Barat,112916,105970,218886
MEMPAWAH,MEMPAWAH,Kalimantan Barat,161206,154093,315299
MERANGIN,MERANGIN,Jambi,204008,196910,400918
MERAUKE,MERAUKE,Papua Selatan,134789,124466,259255
MESUJI,MESUJI,Lampung,125554,118388,243942
MIMIKA,MIMIKA,Papua Tengah,168793,152046,320839
MINAHASA,MINAHASA,Sulawesi Utara,169043,162955,331998
MINAHASA SELATAN,MINAHASA SELATAN,Sulawesi Utara,126042,117477,243519
MINAHASA TENGGARA,MINAHASA TENGGARA,Sulawesi Utara,63278,58912,122190
MINAHASA UTARA,MINAHASA UTARA,Sulawesi Utara,116697,114024,230721
MOJOKERTO,MOJOKERTO,Jawa Timur,583769,576341,1160110
MOROWALI,MOROWALI,Sulawesi Tengah,107363,93559,200922
MOROWALI UTARA,MOROWALI UTARA,Sulawesi Tengah,84231,70911,155142
MUARA ENIM,MUARA ENIM,Sumatera Selatan,336990,323543,660533
MUARO JAMBI,MUARO JAMBI,Jambi,237481,224390,461871
MUKOMUKO,MUKOMUKO,Bengkulu,106594,100598,207192
MUNA,MUNA,Sulawesi Tenggara,115593,118572,234165
MUNA BARAT,MUNA BARAT,Sulawesi Tenggara,46061,46999,93060
MURUNG RAYA,MURUNG RAYA,Kalimantan Tengah,65526,60344,125870
MUSI BANYUASIN,MUSI BANYUASIN,Sumatera Selatan,383488,363247,746735
MUSI RAWAS,MUSI RAWAS,Sumatera Selatan,219396,210274,429670
MUSI RAWAS UTARA,MUSI RAWAS UTARA,Sumatera Selatan,104437,100929,205366
NABIRE,NABIRE,Papua Tengah,93771,86419,180190
NAGAN RAYA,NAGAN RAYA,Aceh,91679,90274,181953
NAGEKEO,NAGEKEO,Nusa Tenggara Timur,81715,83516,165231
NATUNA,NATUNA,Kepulauan Riau,43129,41471,84600
NDUGA,NDUGA,Papua Pegunungan,59062,53216,112278
NGADA,NGADA,Nusa Tenggara Timur,84004,86055,170059
NGANJUK,NGANJUK,Jawa Timur,580429,574467,1154896
NGAWI,NGAWI,Jawa Timur,451785,458383,910168
NIAS,NIAS,Sumatera Utara,72606,75877,148483
NIAS BARAT,NIAS BARAT,Sumatera Utara,47691,50049,97740
NIAS SELATAN,NIAS SELATAN,Sumatera Utara,186088,185366,371454
NIAS UTARA,NIAS UTARA,Sumatera Utara,76525,76972,153497
NUNUKAN,NUNUKAN,Kalimantan Utara,121367,109318,230685
OGAN ILIR,OGAN ILIR,Sumatera Selatan,227476,221739,449215
OGAN KOMERING ILIR,OGAN KOMERING ILIR,Sumatera Selatan,415585,394042,809627
OGAN KOMERING ULU,OGAN KOMERING ULU,Sumatera Selatan,200981,191668,392649
OGAN KOMERING ULU SELATAN,OGAN KOMERING ULU SELATAN,Sumatera Selatan,211787,196493,408280
OGAN KOMERING ULU TIMUR,OGAN KOMERING ULU TIMUR,Sumatera Selatan,357783,342544,700327
PACITAN,PACITAN,Jawa Timur,294954,294340,589294
PADANG LAWAS,PADANG LAWAS,Sumatera Utara,137574,136685,274259
PADANG LAWAS UTARA,PADANG LAWAS UTARA,Sumatera Utara,138851,135637,274488
PADANG PARIAMAN,PADANG PARIAMAN,Sumatera Barat,231539,228374,459913
PAHUWATO,PAHUWATO,Gorontalo,83479,80295,163774
PAKPAK BHARAT,PAKPAK BHARAT,Sumatera Utara,29104,28494,57598
PAMEKASAN,PAMEKASAN,Jawa Timur,445526,464704,910230
PANDEGLANG,PANDEGLANG,Banten,749268,708866,1458134
PANGANDARAN,PANGANDARAN,Jawa Barat,225352,223628,448980
PANGKAJENE DAN KEPULAUAN,PANGKAJENE DAN KEPULAUAN,Sulawesi Selatan,178757,184693,363450
PANIAI,PANIAI,Papua Tengah,69587,57289,126876
PARIGI MOUTONG,PARIGI MOUTONG,Sulawesi Tengah,238061,227650,465711
PASAMAN,PASAMAN,Sumatera Barat,158334,156867,315201
PASAMAN BARAT,PASAMAN BARAT,Sumatera Barat,230378,227430,457808
PASER,PASER,Kalimantan Timur,161651,150572,312223
PASURUAN,PASURUAN,Jawa Timur,838542,842320,1680862
PATI,PATI,Jawa Tengah,690890,701681,1392571
PEGUNUNGAN ARFAK,PEGUNUNGAN ARFAK,Papua Barat,20728,20764,41492
PEGUNUNGAN BINTANG,PEGUNUNGAN BINTANG,Papua Pegunungan,61419,53715,115134
PEKALONGAN,PEKALONGAN,Jawa Tengah,528619,511117,1039736
PELALAWAN,PELALAWAN,Riau,233025,219642,452667
PEMALANG,PEMALANG,Jawa Tengah,818737,791965,1610702
PENAJAM PASER UTARA,PENAJAM PASER UTARA,Kalimantan Timur,105434,98227,203661
PENUKAL ABAB LEMATANG ILIR,PENUKAL ABAB LEMATANG ILIR,Sumatera Selatan,109614,106486,216100
PESAWARAN,PESAWARAN,Lampung,260486,247170,507656
PESISIR BARAT,PESISIR BARAT,Lampung,92492,86057,178549
PESISIR SELATAN,PESISIR SELATAN,Sumatera Barat,270310,268726,539036
PIDIE,PIDIE,Aceh,224428,230974,455402
PIDIE JAYA,PIDIE JAYA,Aceh,82896,84458,167354
PINRANG,PINRANG,Sulawesi Selatan,210157,215483,425640
POLEWALI MANDAR,POLEWALI MANDAR,Sulawesi Barat,247405,246823,494228
PONOROGO,PONOROGO,Jawa Timur,486452,493540,979992
POSO,POSO,Sulawesi Tengah,131603,123455,255058
PRINGSEWU,PRINGSEWU,Lampung,229240,218980,448220
PROBOLINGGO,PROBOLINGGO,Jawa Timur,597113,613127,1210240
PULANG PISAU,PULANG PISAU,Kalimantan Tengah,75236,70247,145483
PULAU MOROTAI,PULAU MOROTAI,Maluku Utara,42865,40363,83228
PULAU TALIABU,PULAU TALIABU,Maluku Utara,34235,32750,66985
PUNCAK,PUNCAK,Papua Tengah,94219,84361,178580
PUNCAK JAYA,PUNCAK JAYA,Papua Tengah,118059,102645,220704
PURBALINGGA,PURBALINGGA,Jawa Tengah,540356,524119,1064475
PURWAKARTA,PURWAKARTA,Jawa Barat,544306,529153,1073459
PURWOREJO,PURWOREJO,Jawa Tengah,406189,403805,809994
RAJA AMPAT,RAJA AMPAT,Papua Barat Daya,38363,35385,73748
REJANG LEBONG,REJANG LEBONG,Bengkulu,148114,141953,290067
REMBANG,REMBANG,Jawa Tengah,335390,332512,667902
ROKAN HILIR,ROKAN HILIR,Riau,355670,339283,694953
ROKAN HULU,ROKAN HULU,Riau,301523,291912,593435
ROTE NDAO,ROTE NDAO,Nusa Tenggara Timur,77802,76908,154710
SABU RAIJUA,SABU RAIJUA,Nusa Tenggara Timur,48579,46762,95341
SAMBAS,SAMBAS,Kalimantan Barat,334872,318630,653502
SAMOSIR,SAMOSIR,Sumatera Utara,74472,75631,150103
SAMPANG,SAMPANG,Jawa Timur,518241,528333,1046574
SANGGAU,SANGGAU,Kalimantan Barat,260131,240570,500701
SARMI,SARMI,Papua,24066,21533,45599
SAROLANGUN,SAROLANGUN,Jambi,160887,154826,315713
SEKADAU,SEKADAU,Kalimantan Barat,117757,109298,227055
SELUMA,SELUMA,Bengkulu,111332,104817,216149
SEMARANG,SEMARANG,Jawa Tengah,546703,549419,1096122
SERAM BAGIAN BARAT,SERAM BAGIAN BARAT,Maluku,109683,108954,218637
SERAM BAGIAN TIMUR,SERAM BAGIAN TIMUR,Maluku,71788,70446,142234
SERANG,SERANG,Banten,926144,889407,1815551
SERDANG BEDAGAI,SERDANG BEDAGAI,Sumatera Utara,352685,349617,702302
SERUYAN,SERUYAN,Kalimantan Tengah,83845,77094,160939
SIAK,SIAK,Riau,257400,244230,501630
SIDENRENG RAPPANG,SIDENRENG RAPPANG,Sulawesi Selatan,165558,169020,334578
SIDOARJO,SIDOARJO,Jawa Timur,1022252,1019008,2041260
SIGI,SIGI,Sulawesi Tengah,141741,134827,276568
SIJUNJUNG,SIJUNJUNG,Sumatera Barat,125304,123181,248485
SIKKA,SIKKA,Nusa Tenggara Timur,169495,179026,348521
SIMALUNGUN,SIMALUNGUN,Sumatera Utara,476355,479265,955620
SIMEULUE,SIMEULUE,Aceh,49750,47381,97131
SINJAI,SINJAI,Sulawesi Selatan,137606,139940,277546
SINTANG,SINTANG,Kalimantan Barat,238762,223253,462015
SITUBONDO,SITUBONDO,Jawa Timur,339857,354902,694759
SLEMAN,SLEMAN,Daerah Istimewa Yogyakarta,559395,570335,1129730
SOLOK,SOLOK,Sumatera Barat,208496,207350,415846
SOLOK SELATAN,SOLOK SELATAN,Sumatera Barat,92318,89702,182020
SOPPENG,SOPPENG,Sulawesi Selatan,116940,124792,241732
SORONG,SORONG,Papua Barat Daya,67652,63049,130701
SORONG SELATAN,SORONG SELATAN,Papua Barat Daya,29452,28061,57513
SRAGEN,SRAGEN,Jawa Tengah,510985,514178,1025163
SUBANG,SUBANG,Jawa Barat,847702,847495,1695197
SUKABUMI,SUKABUMI,Jawa Barat,1473535,1425604,2899139
SUKAMARA,SUKAMARA,Kalimantan Tengah,35282,32181,67463
SUKOHARJO,SUKOHARJO,Jawa Tengah,458690,458698,917388
SUMBA BARAT,SUMBA BARAT,Nusa Tenggara Timur,73034,69815,142849
SUMBA BARAT DAYA,SUMBA BARAT DAYA,Nusa Tenggara Timur,184473,176486,360959
SUMBA TENGAH,SUMBA TENGAH,Nusa Tenggara Timur,47480,45288,92768
SUMBA TIMUR,SUMBA TIMUR,Nusa Tenggara Timur,142901,136257,279158
SUMBAWA,SUMBAWA,Nusa Tenggara Barat,264721,264513,529234
SUMBAWA BARAT,SUMBAWA BARAT,Nusa Tenggara Barat,79036,78299,157335
SUMEDANG,SUMEDANG,Jawa Barat,622941,610750,1233691
SUMENEP,SUMENEP,Jawa Timur,553127,592170,1145297
SUPIORI,SUPIORI,Papua,14695,13756,28451
TABALONG,TABALONG,Kalimantan Selatan,136114,133291,269405
TABANAN,TABANAN,Bali,239076,240813,479889
TAKALAR,TAKALAR,Sulawesi Selatan,164338,171508,335846
TAMBRAUW,TAMBRAUW,Papua Barat Daya,16312,15076,31388
TANA TIDUNG,TANA TIDUNG,Kalimantan Utara,15854,14347,30201
TANA TORAJA,TANA TORAJA,Sulawesi Selatan,132246,125422,257668
TANAH BUMBU,TANAH BUMBU,Kalimantan Selatan,184566,175507,360073
TANAH DATAR,TANAH DATAR,Sumatera Barat,192194,191764,383958
TANAH LAUT,TANAH LAUT,Kalimantan Selatan,189275,183308,372583
TANGERANG,TANGERANG,Banten,1789061,1727034,3516095
TANGGAMUS,TANGGAMUS,Lampung,332412,311112,643524
TANJUNG JABUNG BARAT,TANJUNG JABUNG BARAT,Jambi,175036,164722,339758
TANJUNG JABUNG TIMUR,TANJUNG JABUNG TIMUR,Jambi,125447,120548,245995
TAPANULI SELATAN,TAPANULI SELATAN,Sumatera Utara,164525,162423,326948
TAPANULI TENGAH,TAPANULI TENGAH,Sumatera Utara,186198,184330,370528
TAPANULI UTARA,TAPANULI UTARA,Sumatera Utara,165309,168381,333690
TAPIN,TAPIN,Kalimantan Selatan,102482,101178,203660
TASIKMALAYA,TASIKMALAYA,Jawa Barat,1024637,987651,2012288
TEBO,TEBO,Jambi,195299,185028,380327
TEGAL,TEGAL,Jawa Tengah,894299,863190,1757489
TELUK BINTUNI,TELUK BINTUNI,Papua Barat,44553,40224,84777
TELUK WONDAMA,TELUK WONDAMA,Papua Barat,25126,23083,48209
TEMANGGUNG,TEMANGGUNG,Jawa Tengah,416044,408997,825041
TIMOR TENGAH SELATAN,TIMOR TENGAH SELATAN,Nusa Tenggara Timur,247466,250515,497981
TIMOR TENGAH UTARA,TIMOR TENGAH UTARA,Nusa Tenggara Timur,138646,138942,277588
TOBA SAMOSIR,TOBA SAMOSIR,Sumatera Utara,109816,111712,221528
TOJO UNA-UNA,TOJO UNA-UNA,Sulawesi Tengah,89439,84795,174234
TOLIKARA,TOLIKARA,Papua Pegunungan,136512,116252,252764
TOLITOLI,TOLITOLI,Sulawesi Tengah,124800,119379,244179
TORAJA UTARA,TORAJA UTARA,Sulawesi Selatan,136538,131078,267616
TRENGGALEK,TRENGGALEK,Jawa Timur,378848,375409,754257
TUBAN,TUBAN,Jawa Timur,637249,635649,1272898
TULANG BAWANG,TULANG BAWANG,Lampung,228675,213645,442320
TULANG BAWANG BARAT,TULANG BAWANG BARAT,Lampung,159699,153494,313193
TULUNGAGUNG,TULUNGAGUNG,Jawa Timur,571666,569413,1141079
WAJO,WAJO,Sulawesi Selatan,195645,205233,400878
WAKATOBI,WAKATOBI,Sulawesi Tenggara,59205,59865,119070
WAROPEN,WAROPEN,Papua,22438,20345,42783
WAY KANAN,WAY KANAN,Lampung,254468,243117,497585
WONOGIRI,WONOGIRI,Jawa Tengah,527490,527133,1054623
WONOSOBO,WONOSOBO,Jawa Tengah,483959,464779,948738
YAHUKIMO,YAHUKIMO,Papua Pegunungan,193466,163433,356899
YALIMO,YALIMO,Papua Pegunungan,56033,49595,105628
